publisher,number of published games
Electronic Arts,187
Ubisoft,132
Activision,122
Sega,82
Eidos Interactive,79
THQ,70
EA Sports,70
,68
Atari,68
Sierra Entertainment,52
Codemasters,43
Capcom,41
Microsoft Game Studios,41
Konami,41
Sierra On-Line,39
LucasArts,39
EA Games,37
Infogrames,36
Microsoft,35
Interplay Entertainment,35
Paradox Interactive,27
Midway Games,24
Valve,24
Strategy First,24
GT Interactive,24
3DO,24
Empire Interactive,23
Psygnosis,22
Hasbro Interactive,22
PopCap Games,21
2K Sports,20
2K Games,19
Activision Value,19
Spiderweb Software,19
Gathering of Developers,19
Bethesda Softworks,19
Sony Online Entertainment,17
Blizzard Entertainment,16
Virgin Interactive,16
"Strategic Simulations, Inc.",16
The Learning Company,15
DreamCatcher,15
Team Shanghai Alice,15
Big Fish Games,15
Disney Interactive,15
Square Enix,15
NovaLogic,14
Acclaim Entertainment,14
WizardWorks,14
Humongous Entertainment,13
Disney Interactive Studios,13
Rockstar Games,13
1C Company,13
TalonSoft,13
The Adventure Company,13
Vivendi Universal,13
Deep Silver,13
Global Star Software,13
Cryo Interactive,12
Microids,12
Koei,12
Microprose,11
Telltale Games,11
JoWood Productions,11
Maxis,11
Knowledge Adventure,11
Mindscape,10
Microsoft Studios,10
NCsoft,10
DreamCatcher Interactive,10
CDV,10
Lego Media,9
PlayFirst,9
Simon & Schuster Interactive,9
Acclaim,9
Milestone srl,9
Take-Two Interactive,8
Focus Home Interactive,8
Matrix Games,8
Reflexive Entertainment,8
Fox Interactive,8
MicroProse,8
ValuSoft,7
SouthPeak Games,7
CDV Software,7
Nihon Falcom,7
JoWooD Productions,7
Bandai Namco Entertainment,7
Majesco Entertainment,7
Sierra Studios,7
Lighthouse Interactive,7
Shrapnel Games,6
Namco Bandai Games,6
Accolade,6
Stardock,6
Wanadoo Edition,6
Namco,6
MumboJumbo,6
Kalypso Media,6
Red Storm Entertainment,6
505 Games,6
"Blizzard Entertainment, Sierra Entertainment",6
GarageGames,5
Sierra Online,5
Monolith Productions,5
Gremlin Interactive,5
DreamCatcher Games,5
ASC Games,5
Digital Jesters,5
"Twilight Frontier, Team Shanghai Alice",5
Virgin Interactive Entertainment,5
Groove Games,5
GameHouse,5
Lego Software,5
Vivendi Universal Games,5
Team17,5
Illusion,5
Dreamcatcher Interactive,5
Her Interactive,5
SEGA,5
SegaSoft,5
"Activision Publishing, Inc.",5
"NStorm, Inc.",5
SCi,4
THQ Nordic,4
Buena Vista Games,4
Bungie,4
Simon & Schuster,4
BMG Interactive,4
Superior Interactive,4
Nitroplus,4
Taito,4
Monte Cristo,4
Rovio Entertainment,4
Warner Bros. Interactive Entertainment,4
Adventure Soft,4
Blue Byte,4
Brøderbund,4
Legacy Interactive,4
SCi Games Ltd.,4
Sunflowers,4
Techland,4
Ratbag Games,4
NCSoft,4
City Interactive,4
Daedalic Entertainment,4
WayForward,4
Vivendi Games,4
5pb.,3
Cenega,3
"HeadGames Publishing, Inc.",3
Head Games Publishing,3
Digital Pictures,3
Koei Tecmo,3
Introversion Software,3
Gamecock Media Group,3
Enlight,3
Battlefront.com,3
Remedy Entertainment,3
Midway,3
Playlogic International,3
7th Level,3
Technical Group Laboratory,3
Aspyr Media,3
ARUSH Entertainment,3
DTP Entertainment,3
Peach Princess,3
Tri Synergy,3
Gray Design Associates,3
Positech Games,3
Aquaplus,3
Navel,3
Caravel Games,3
D3 Publisher,3
Playlogic Entertainment,3
Left Behind Games,3
Microsoft Games,3
"Activision, Sega",3
Funcom,3
Independent,3
Eidos,3
Oxygen Interactive,3
Nicalis,3
Spike Chunsoft,3
id Software,3
Jaleco,3
Sierra Sports,3
Xbox Game Studios,3
Interplay Productions,3
Legendo Entertainment,3
Nexon,3
Awem,3
Versus Evil,3
King,3
Llamasoft,3
Take Two Interactive,2
Anarchy Enterprises,2
Pangea Software,2
Fishtank Interactive,2
Longbow Digital Arts,2
Activision Value Publishing,2
Got Game Entertainment,2
Gotham Games,2
Black Bean Games,2
Sir-tech,2
Kutoka Interactive,2
BHV Software,2
"Blizzard Entertainment, Ubisoft",2
Red Barrels,2
FDG Entertainment,2
Enlight Software,2
WildTangent,2
Dar al-Fikr,2
"Capcom Entertainment, Inc.",2
Broderbund,2
Legend Entertainment,2
SNK,2
Amanita Design,2
Bold Games,2
Klei Entertainment,2
"Crystal Dynamics, Bandai",2
Basilisk Games,2
Gambitious,2
Iceberg Interactive,2
BBC Multimedia,2
GTE Entertainment,2
Mattel,2
Zoo Digital Publishing,2
Aspyr,2
StarWraith 3D Games,2
insani,2
"GameHouse, PopCap Games",2
"MicroProse, Atari",2
"Encore Software, JoWooD Productions",2
Play Ten Interactive,2
"Black Isle Studios, Interplay Entertainment",2
Headup Games,2
SimBin Studios,2
Brash Entertainment,2
Access Software,2
Red Orb Entertainment,2
Focus Multimedia Ltd.,2
Software Toolworks,2
Scholastic,2
"Maxis, Electronic Arts",2
Third Wire Productions,2
Shiro Games,2
Warner Bros. Interactive Entertainment.,2
Akella,2
Double Fine Productions,2
GSC World Publishing,2
Crave Entertainment,2
Delta Tao Software,2
MECC,2
Xplosiv,2
Micro Application,2
"Activision, Aspyr",2
"Strategic Simulations, Inc",2
Dinamic Multimedia,2
Quantum Axcess,2
Byron Preiss Multimedia,2
Intellivision Productions,2
Virgin Games,2
EON Digital Entertainment,2
Davilex Games,2
989 Sports,2
Sir-Tech,2
New World Computing,2
Buka Entertainment,2
Evolved Games,2
"Activision, Zoo Digital Publishing",2
Ignition Entertainment,2
Atlus,2
JoWooD,2
"Turbine, Inc.",2
"Paradox Interactive, Lighthouse Interactive",2
Viva Media,2
"GRAVITY Co., Ltd.",2
"Gamers Gate, Manifesto Games, Macgamestore",2
TDK Mediactive,2
JoWood,2
Wizards of the Coast,2
"Janes Combat Simulations, Electronic Arts",2
Mattel Media,2
"NovaLogic, Inc.",2
Meridian4,2
Ambrosia Software,2
Strategic Simulations,2
"G-Collections, ZyX",2
"Destineer, Bold Games",2
"Infogrames, Atari",2
Frictional Games,2
iWin,2
Unknown Worlds Entertainment,2
Valcon Games,2
"1C, Ubisoft",2
Arcane Kids,2
"Activision Value Publishing, Inc.",2
"Oxygen Interactive, Red Ant Enterprises",2
Oxygen Games,2
Tri-Synergy,2
"Ubisoft, The Adventure Company",2
Digital Entertainment Pool,2
Tilted Mill Entertainment,2
"LucasArts, Activision",2
Moonpod,2
Ripcord Games,2
Innocent Grey,2
Rainbow Games,2
The Walt Disney Company,2
Novalogic,2
"Capcom, Eidos Interactive",1
Arthur Danskin,1
BBC,1
"Got Game, Merscom",1
Colossal Pictures,1
Sony Music Entertainment Japan,1
Pieces Interactive,1
"Strategy First, Typhoon Games",1
"PlayFirst, Inc.",1
Falcom,1
"Destineer, Metro 3D",1
Lego Interactive,1
Wildlife,1
Herculean Effort Productions,1
"Square Co., Square Enix",1
Texel Raptor,1
InstantAction,1
Crystal Interactive,1
America Online,1
Blindflug Studios,1
Makura,1
Digital Leisure,1
Team FK,1
Rage Games Limited,1
EA GamesWarner Bros. Interactive,1
Microids/Encore Games,1
S2 Games,1
GT Interactive Software Corp.,1
"Conspiracy Entertainment, Data Design Interactive",1
"SCi, Gizmondo Games",1
"Take 2 Interactive, Gathering of Developers",1
"GOA, softnyx, HANGAME, ijji",1
Fanista,1
All Yes Good,1
Softkey,1
"Corel Corporation, Hoffmann + Associates",1
"Big Fish Games, Activision, Astragon",1
"EON Digital Entertainment, SCi",1
Hannu and Jukka Räbinä,1
"Excellents Japan, Jast",1
Mojang,1
"THQ, Disney Interactive, Yukes",1
"Mythic Entertainment, Wanadoo",1
"ValuSoft, Kemco, GFI Russia, Russobit-M",1
Last Day of Work,1
Aquiris Studio,1
Twilight Frontier,1
Citeremis,1
Delphine Software International/Electronic Arts,1
"Sonnori, Ubisoft",1
Zordix,1
Merit Studios,1
Impressions Games,1
Against Gravity,1
"Alchemist, PQube",1
Curve Studios,1
VR Sports,1
MGM Interactive,1
Toby Fox,1
Take 2 Interactive and God Games,1
GTE Interactive Media,1
Brainchild Design,1
Crystal Shard,1
U1 Technology,1
"1C Company, Playlogic Entertainment",1
Take 2 Interactive,1
Eduweb,1
AtariJoWood Productions,1
Lowe Bros. Studios,1
B-Alive,1
"LK Avalon, The Adventure Company",1
"Rocket Science Games, SegaSoft",1
Boneloaf,1
Pixile Studios,1
Crema Games,1
"Cryo Interactive, DreamCatcher Interactive",1
"Microids, Encore Games",1
"CD Brothers, Otaku Publishing Ltd.",1
"XS Games, LLC",1
Humble Bundle,1
Quadro Delta,1
dtp entertainment,1
Software 2000,1
"TQworld, LLC.",1
Focus,1
Soldak Entertainment,1
PlayismCoconut Island Games,1
PolyKid,1
GamebankCyberfrontMediaKiteInterplay EntertainmentConspiracy Entertainment,1
"ValuSoft, Global Software Publishing",1
Westwood Studios,1
Vertigo Games,1
Runic Games,1
"Atlus, Bbmf Corporation",1
"JoWooD Productions, Macmillan Software",1
Casterman,1
True GamesGoa,1
Synergy Interactive Crop.,1
Culture Brain,1
Apus Software,1
"Yuto Group, G-Collections",1
"Take-Two Interactive, Kalypso Media",1
"Scavenger, Koei, Tec Toy",1
Softstar Entertainment Inc.,1
"Codemasters, Atari",1
Sugeno,1
SCi Games,1
Dragons Eye Productions,1
Faucet Software,1
"Sega, Acclaim, Activision",1
Digital Reality,1
CogniToy,1
DreamCatcher InteractiveThe Adventure Company,1
Viable Software Alternatives,1
Midas Interactive,1
France Telecom Multimedia,1
"ParanGAME, Gamania, Asia Eastern",1
BUKA,1
"1C Company, Deep Silver",1
Mid Carolina Media,1
"Ubisoft, Feral Interactive",1
"2K Games, Aspyr",1
"iGames, TriSynergy",1
DynamixSierra Entertainment,1
"MPCA Interactive, Orion Interactive",1
Glamus,1
Thomas Happ Games,1
Simsquared Ltd.,1
Krafted Games,1
Subtle Style,1
Hasbro,1
Enterbrain,1
"Rondomedia, Akella, Excalibur Publishing, TopWare, Seven M, Anuman, Wendros",1
Seven Lights,1
Wube Software,1
The Game Factory,1
Atari Europe S.A.S.U.,1
Kalypso Media UK Ltd,1
Philips Media,1
"Immersion Games, Timeline Interactive, Artificial Studios",1
"Digital Integration Ltd., Interactive Magic",1
Creative Edge Studios,1
Taito Corporation,1
ZUXXEZ Entertainment,1
Otaku Publishing Ltd.,1
Runestone Game Development,1
Wyrmkeep Entertainment Co.,1
Devolver Digital,1
ImpactGames,1
Square,1
PLAY sp zoo,1
VoxelStorm,1
"Piranha Interactive Publishing, Tiburon Interactive Publishing",1
PillowPigGames,1
"Software 2000, WizardWorks",1
Ritual Entertainment,1
Nokia,1
Infogrames/Atari,1
"The Adventure Company, JoWood Productions",1
AGEOD,1
Selectsoft Publishing,1
"DreamCatcher Interactive, Microids",1
Lomax Software,1
Akatsuki Works,1
Sirius Publishing,1
The NetHack DevTeam,1
"CyberFront Corporation, MediaKite, Sourcenext",1
Fireglow Games,1
PQube,1
The Pokémon Company,1
BMG,1
Night Dive Studios,1
The Project Reality Team,1
Cinemaware,1
Motion Twin,1
DigiPen,1
CD Projekt,1
"Sony Computer Entertainment, Psygnosis",1
Activision Publishing,1
Vivendi Universal Interactive Publishing,1
"Scavenger, Inc.",1
Bit Blot,1
Hi-Rez Studios,1
"Activision Value, Zoo Digital Publishing",1
QUByte Interactive,1
Mnemosyne,1
Empire Interactive Entertainment,1
Wolfire Games,1
989 Studios,1
Mulawa Dreaming,1
"Compile Heart, Idea Factory International",1
Microsoft Games Studios,1
The Adventure Company Coladia Games,1
Aksys Games,1
"Zoo Games, Zushi Games",1
Tribute Games,1
Interactive Magic,1
Microsoft Corporation,1
"BlackBean Games, 1C Games",1
"Majesco Entertainment, Sold Out Software",1
"Majesco Entertainment, THQ",1
"Electronic Arts, Activision, Virgin Interactive",1
"Warner Brothers, SEGA",1
"Valve, Merscom, Zoo Digital Publishing",1
"Stardock, Nurium Games, Red Marble Games",1
Chasseur de Bots,1
"Microids, Aspyr Media",1
GungHo Online Entertainment,1
"CyberFront Corporation, I-DreamSoft",1
Universal Studios,1
"Papyrus Design Group, Sierra On-Line",1
Childish Things,1
"Deep Silver, Enlight, Valve",1
Le Lombard,1
"Namco, Empire Interactive",1
"LucasArts, THQ",1
"Lego Interactive, Electronic Arts",1
"Ubisoft, SCEJ",1
MGame Corporation,1
Brainstorm,1
"Pan Interactive, Strategy First",1
Actoz Soft,1
Yedang,1
ND Games,1
Radu Privantu,1
TheMeatly Games,1
Compile,1
Crucial Entertainment,1
"Electronic Arts, Inc.",1
Konami Digital Entertainment,1
"Take-Two Interactive, TalonSoft, Global Star Software, Gathering of Developers",1
GIGA Co.,1
Reunion des Musees Nationaux,1
Bimboosoft Co. Ltd,1
Suomen Kotijaatelo Oy,1
Dynamix,1
Ethereal Darkness Interactive,1
Phantom EFX,1
Mad Dog Games,1
Volatile Games,1
Veggie Games Inc,1
Mousechief,1
"Arcane Kids, Phelios",1
Games for Loving,1
Sillysoft Games,1
"Neowiz, NHN USA",1
Time Warner Interactive,1
Recoil Games,1
Terraglyph Interactive,1
"Ubisoft, 1C Company",1
ORT Software,1
Attu Games,1
Actualize,1
Minori,1
Choice Provisions,1
"Valve, Mindscape Group, Merscom",1
Koch Media,1
Take 2,1
THQ Valusoft,1
Pinnacle Entertainment Group,1
"Buka Entertainment, Monolith Productions",1
Blockland LLC,1
"Interplay Entertainment, THQ, Europress",1
"Empire Interactive, Sega",1
The Freeciv project,1
"Webzen, Digital Media Exchange",1
"Broderbund, Interplay",1
"Grey Box, Six Foot",1
JoWooD Productions Software,1
"Got Game Entertainment, Virtual Programming",1
"Acclaim Entertainment, Gradiente",1
Surprise Attack,1
"TRI Synergy, GMX Media",1
Frogster Interactive,1
Rebellion Developments,1
"Nihon Falcom, Mastiff, 505 Game Street",1
Respondesign,1
Circus,1
Turtle Cream,1
BigBen Interactive,1
"Atari, THQ",1
"Crystal Dynamics, Electronic Arts",1
Kama Digital Entertainment,1
Haikuo Soft,1
Turbine Entertainment Software,1
Futuremark Games Studio,1
Jaleco Entertainment,1
"Encore Software, Inc,",1
"RakeInGrass, Reflexive Entertainment, Stardock",1
Watanabe Seisakujo,1
"Dreamcatcher Interactive, The Adventure Company, Deep Silver",1
Mega Man Maker Team,1
Mike Oldfield,1
"Simon & Schuster, TDK Mediactive, Oxygen Games",1
Thompsonsoft,1
Cyberdreams,1
SeithCG,1
"MumboJumbo, LLC",1
"Paradox Interactive, Akella, cdv Software",1
Oxeye Game Studio,1
Zachtronics Industries,1
FireSky,1
GT Interactive Software,1
Wyrmkeep Entertainment,1
Psychic Software,1
Groove Media Inc.,1
Avalon Hill,1
Exotypos,1
"KOEI, CJ Internet, The Foreseen Group",1
Nival Interactive,1
"Ubisoft, Aspyr Media",1
"Pocketwatch Games, Brighter Minds Media",1
Video System,1
Reflexive Arcade,1
"Buka Entertainment, CDV Software",1
Whiptail Interactive,1
IzanagiGames,1
Movie Battles Team,1
Sorath,1
"MC2, The Adventure Company",1
Dingo Games,1
Frozenbyte,1
"Idea Games, Meridian4",1
LookAtMyGame,1
Titus Software,1
Riot Games,1
Inti Creates,1
Audiovisual Enterprises SA,1
Humble Games,1
Third-I Productions,1
"Take-Two Interactive, Electronic Arts, Gathering of Developers",1
Crossnet-Pie,1
"Ubisoft, DreamCatcher Games",1
Mgame USA Inc.,1
Lexaloffle,1
"Namco, Sony Computer Entertainment, Zoo Digital Publishing",1
"DreamCatcher Interactive, The Adventure Company",1
"LockPick Entertainment, Aeria Games & Entertainment, gamigo AG, Akella",1
"Eidos Interactive, Lionsgate",1
Reality GapIT Territory,1
"Namco, HanbitSoft, EA Games, IAH Games",1
14 Degrees East,1
Data Design InteractiveConspiracy Entertainment,1
Zed Two,1
OSC,1
Ace Maddox,1
"Gathering of Developers, Take-Two Interactive",1
Cipher Prime,1
Eyebrow Interactive,1
Breakthrough,1
"Codemasters, Midway Games",1
"Sony Online Entertainment, Gamania, Akella, Square Enix, Ubisoft",1
"CJ Internet Corporation, Namco Bandai Games",1
"Nobilis, SouthPeak Games",1
"MOSS LTD, Cyberfront Corporation, Soft-World International",1
Alternative Software,1
DigiCube,1
Pixel Shop Inc.,1
"Nival Interactive, Blitzfront Game Studio",1
Metanet Software,1
Software Projects,1
Himalaya Studios,1
"Monte Cristo, Davilex Games",1
Aeria Games & Entertainment,1
"JAST, JAST USA",1
"GAMEBANK, Cyberfront Corporation, Interplay Value Products Division",1
Synergy Interactive,1
Three Rings Design,1
Viacom New Media,1
Bandai,1
Snowcastle Games,1
"Data Design Interactive, Conspiracy Entertainment",1
Interactive Gaming Software,1
"MGM Interactive, MGM/UA",1
NetDevil,1
"MindArk, FPC",1
3D Realms Entertainment,1
"Encore, Inc.",1
Diversions Publishing,1
Trisynergy,1
"Bold Games, Popcorn Arcade",1
"Interactive Magic, TopWare Interactive",1
Dani,1
11 Bit Studios,1
"BigBen Interactive, Conspiracy Entertainment",1
Shadow Tor Studios,1
Gearbox Publishing,1
Alientrap,1
"Microids, 1C Company, The Adventure Company, Typhoon Games",1
Oberon Media,1
Sigma Team,1
GFI,1
Jamdat Mobile,1
"Dreamcatcher Interactive, Wanadoo Edition",1
"Webzen Games, NHN",1
Dorset Multimedia,1
Ronny Wester,1
"Continuum Entertainment, Take-Two Interactive",1
TopWare InteractiveInterplay Entertainment,1
Leaf,1
Infogrames North AmericaCryo Interactive,1
"LucasArts, Activision, Aspyr Media, CyberFront",1
Cellar Door Games,1
Oddworld Inhabitants,1
JC Research Inc.,1
Game Jolt,1
Malfador Machinations,1
"Peach Princess, Sweet Basil",1
"CCR International, Level Up Games",1
"Perfect World Entertainment, Games-Masters Ltd., Beijing Perfect World",1
"Apus Software, Three Donkeys LLC",1
"Gamebank, Cyberfront Corporation, MediaKite",1
OOTP Developments,1
"Strategy First, h2f Informationssysteme",1
Windmill Software,1
Paramount Digital Entertainment,1
"Xicat Interactive, Inc.",1
Vblank Entertainment,1
3D Realms,1
"Actoz Soft, OGPlanet, Gamepot, Shanda, Aeria Games",1
RedLynx,1
"ASC Games, XS Games, LLC",1
"Eidos Interactive, LucasArts",1
Universal Interactive,1
"Unistellar Industries, LLC",1
CDV Software Entertainment,1
"Sierra Entertainment, Fox Interactive",1
Domark,1
Team Xonotic,1
"Autoklub Rijeka, Talented Programmers Association of Rijeka",1
Application Systems,1
AccoladeEidos Interactive,1
"Destination Software, Zoo Digital Publishing",1
"Atari, 2K Games, Valve",1
Monte Cristo Multimedia,1
"SSI, CCP Games",1
"Invictus Games, Project Three Interactive",1
Klabater,1
"DreamCatcher Interactive, FX Interactive, Crimson Cow, 1C Company, Typhoon Games",1
Toshiba-EMI,1
Novitas Publishing,1
StudioMDHR,1
"Kids Station, Taito, SourceNext, XS Games, Play It Games",1
"1C Company, MTV Games",1
Hemisphere Games,1
"JoWood, Aspyr",1
HeadGames Publishing,1
Princess Soft,1
eGenesis,1
Star Vault,1
Shiny Entertainment,1
Sadeness Software,1
"Techland, Micro Application",1
"Digital Jesters, Focus Home Interactive, Enlight",1
"Lego Media, Electronic Arts",1
Headbang Club,1
"Cybele Productions, Wanadoo Edition",1
"Takara, Toshiaki Ota",1
"Yamitsu Tsuushin, G-Collections",1
"Gremlin Interactive, Fox Interactive",1
Trilobyte,1
Ai Space Production Committee,1
BAM! Entertainment,1
O2 Online Entertainment,1
Cyberfront Corporation,1
Konami Computer Entertainment Japan,1
BOLD Games,1
Sunspire Studios,1
"Atari, Valve",1
Hothead Games,1
1C Publishing EU,1
Psyonix,1
SCS Software,1
Blue Renderer Entertainment,1
Cavedog Entertainment,1
"Virgin Interactive, Bethesda Softworks",1
G2 Games,1
"Chronic Logic, Valve, Stardock",1
K2 Network,1
"Davidson & Associates, Knowledge Adventure",1
Worldwide Biggies,1
"3DO, Near Death Studios",1
Pan Vision,1
Liar-soft,1
Origin Systems,1
Harmonious Games,1
KRU Interactive,1
Trapdoor,1
"Wild Shadow Studios, Spry Fox",1
Hue Forest Entertainment,1
TinyBuild,1
"JoWood Productions, Aspyr Media",1
Ovine by Design,1
SuperCrit,1
Panasonic Interactive Media,1
Black Isle Studios/Interplay Entertainment,1
4Mation,1
Craftven,1
Quantic Dream,1
Rusty Lake,1
ABC Interactive,1
"Bandai, Ubisoft, Wild Games",1
JRC Interactive,1
"Namco, Dwango",1
KOGADO Studio,1
Got Game,1
"Sega, Atlus, THQ, Ignition Entertainment",1
SummitSoft Entertainment,1
Silver Sphere Studios,1
USC Interactive Media Division,1
DreamWorks Interactive,1
Padworld Entertainment,1
Guillaume Cottenceau,1
Bethesda Softworks/Ubisoft,1
"3DO, Ubisoft",1
Retro Games,1
MTA Team,1
Scandere Software,1
"IMC Games Co.,Ltd.",1
Inscape,1
GameInvest,1
"Plan 1, Meridian4",1
"1C Company, Nobilis France",1
Idigicon Limited,1
Misfits Attic,1
"Strategy First, Akella",1
Spiral Game Studios,1
ASCII,1
"Gamecock Media Group, SouthPeak Games, Atari",1
crea-ture Studios,1
"Interplay Entertainment, Imagineer",1
Hucast,1
Elmer Productions,1
Interplay,1
gamescampus.com,1
Dragonfly,1
Winch Gate,1
Telegames,1
"Monte Cristo Multimedia, Oceanus Communications, Sega, Pugland, SPO Team",1
Redshift,1
Locomalito,1
"Conspiracy Entertainment, RTL Games",1
"Empire Interactive, Destineer",1
Hip Games,1
Inhuman Games,1
"Valve, Noviy Disk",1
Project Two Interactive BV,1
Trendy Entertainment,1
Unisonshift,1
"Tale of Tales, 1C Company",1
TalonSoft and Global Star Software,1
tinyBuild,1
Greenwave Games,1
Bandai Namco,1
"Interplay Entertainment, Egmont Interactive, Rede Globo",1
THQ Inc.,1
Third Wave Games,1
iGames Publishing,1
icehole,1
"Canal+ Multimedia, RMN, Microids",1
Broken Rules,1
The Voyager Co.,1
"Atlus, Aeria, Playsea",1
"1C Company, Black Bean, Strategy First",1
"Square Co., Square Electronic Arts, Eidos Interactive",1
Sammy Studios,1
"ZOO Digital Group, Capcom",1
Vision Software,1
Sunstorm Interactive,1
"WizardWorks, Infogrames",1
Merscom,1
"Palestar, Got Game Entertainment",1
Priority Interrupt,1
"CyberFront, MediaKite, Sourcenext",1
"Atari, Warner Bros. Interactive Entertainment",1
Tripwire Interactive,1
Take-Two Interactive Software,1
Human Entertainment,1
"KID, T-TIME Technology, Beijing Entertainment All Technology, Hirameki International",1
NBC,1
Lexicon Entertainment,1
Self-published,1
Tycoon Sistemas Ltda,1
Hip Interactive,1
Metro3D,1
Infogrames Europe SA,1
Cryptic Comet,1
Russobit-M,1
Blimey! Games Ltd.,1
"Majesco Entertainment, Codemasters",1
R&P Electronic Media,1
"Atari, Infogrames",1
Farlan Entertainment,1
Tantrum Entertainment,1
"Myelin Media, SEGA",1
Snood World,1
"Airborne, MacPlay, EA Mobile, Broderbund",1
MP Entertainment,1
NCS,1
Konam,1
Xicat Interactive,1
Warner Bros. Games,1
Rage Software,1
Chiselbrain Software,1
"Maxis, Mindscape",1
"Eidos Interactive, Infogrames",1
Culture Shock Games,1
Sunflowers Interactive Entertainment Software,1
"Wizgate, Fullerton",1
Reverb Triple XP,1
Playmates Interactive,1
"Black Label Games, Konami",1
Bap Interactive,1
Re-Logic,1
OGPlanet,1
Team Cherry,1
NEC,1
"Namco, Zoo Digital Publishing, Hip Games",1
"Audiosurf, LLC",1
"Metro 3D, Conspiracy Entertainment",1
Big Deez Productions,1
LFS Team,1
"Actualize, Electronic Arts",1
"THQ, Warner Bros. Digital Distribution",1
Microapplication,1
CipSoft GmbH,1
Levande Böcker,1
"Activision, Shaba Games",1
"Sega, Hasbro Interactive, Infogrames",1
"THQ, D3, Capcom",1
Isotx,1
Mountain King Studios,1
Discovery Communications,1
"LucasArts,",1
"Imagineer, Infogrames",1
PopCap Game,1
Big Finish Games,1
Legacy Games,1
Triangle Studios,1
Sony Interactive Studios America,1
"dtp entertainment, THQ, Eidos Interactive, Fx Interactive",1
Hirameki International,1
"THQ, Capcom",1
Illusion Soft,1
"LucasArts, TT Games",1
Namco Bandai,1
PocketGearHandango,1
Data Design Interactive,1
TicToc Games,1
"CD Projekt, Warner Bros. Interactive Entertainment, Bandai Namco Entertainment",1
Clans to Kingdoms,1
Twilight Software,1
Cliff Johnson,1
Palladium Interactive,1
Kunos Simulazioni,1
VestelMerscom,1
Frogster Interactive Pictures,1
Graphsim EntertainmentExcalibur Publishing,1
"Acclaim Entertainment, Inc.",1
Rocketcat Games,1
System Erasure,1
"Electronic Arts, Lego Interactive",1
"Happy Digi, HanbitSoft, et al.",1
"Digital Jesters, Focus, Enlight, Buka, Valve",1
MicroProse/Hasbro Interactive,1
Ice Water Games,1
Cdv Software Entertainment,1
Crystal Dynamics,1
10tacle Studios,1
Triumph Studios,1
"Artifact Entertainment, Virtrium LLC, Tulga Games, LLC, EI Interactive",1
"iWin, Majesco Entertainment",1
Draconus Entertainment,1
Xilam,1
Mattel Interactive,1
"A Sharp, LLC",1
"The Adventure Company, Darkling Room",1
"GTE Entertainment, Europress",1
Prolific Publishing,1
Dtp entertainmentFocusAkellaCDV Software,1
CDV Software EntertainmentT-time Technology,1
Sekai Project,1
"KID, Cyberfront, SDR Project",1
MeDungeon Ltd.,1
Thinking Machine Associates,1
PUBG Corporation,1
HopeLab,1
Tru Blu Entertainment,1
UbisoftCyan WorldsGameTap,1
SilverLine Software,1
"Nexon, CDC Games USA, Chinese Gamer",1
"Electronic Arts, Activision",1
Namco Bandai Games America,1
Digital Praise,1
Strategic Simulations Inc.,1
Widescreen Games,1
Kogado Software Products,1
Papyrus Design Group,1
"Got Game Entertainment, Micro Application",1
ReadySoft,1
Analgesic Productions,1
"Deep Silver, Interactive Gaming Software",1
Cs Ware,1
"Infogrames, Stardock",1
Q Entertainment,1
Jonathan Wood,1
Eric Fredricksen,1
"Elektrogames, Kheops Studio, Mzone Studio, TOTM Studio, MC2, Encore Games",1
Visual Arts,1
Destineer,1
TRI SYNERGY,1
"Strategy First, Mindscape",1
Mastertronic,1
"Nihon Falcom, Xseed GamesNA, NIS AmericaEU",1
Disney Interactive Software,1
SourceForge.net,1
Globulation 2 Team,1
"Empire Interactive, Feral Interactive",1
NetDragon WebSoft Inc,1
Webfoot Technologies,1
Arc System Works,1
Number None,1
Traffic Software,1
"Vivendi, Sierra Entertainment, Valve",1
"Acclaim Entertainment, Sega, Feral Software",1
"OGPlanet, Moliyo, Games-Masters, Asiasoft Online, E-Games",1
"Disney Interactive Studios, THQ",1
"Electronic Arts, Strategy First",1
"Kalypso Media, SouthPeak Games",1
Nobilis,1
Studio Mebius,1
Arush Entertainment,1
"Acclaim Entertainment, Taito Corporation",1
"HD Publishing, Sierra Entertainment",1
Balmoral Software,1
Gamepot,1
Parroty Interactive,1
Muzzy Lane,1
NA: Crave EntertainmentEU: JoWooD Productions,1
Equity Games,1
Gainax,1
Softgold Computerspiele GmbH,1
Bomico Entertainment Software,1
CelTech Studios,1
Vatical Entertainment LLC,1
"Microsoft, Turbine Entertainment Software",1
Bigben Interactive S.A.,1
Team Meat,1
"Levande Böcker, PAN Vision, Strategy First",1
"KID, T-TIME Technology",1
"1C Company, Micro Application",1
Warner Bros. Interactive,1
1C CompanySnowball,1
VU Games,1
"Creat Studios, TikGames",1
Midas Interactive Entertainment,1
Image Space Incorporated,1
Myelin Media,1
"Studio 3DO, Intrepid Software",1
FOX Interactive,1
Bethesda SoftworksZeniMax MediaUbisoftValve Corporation,1
Adam Foster,1
"SOFTON Entertainment, Inc",1
"DreamCatcher Games, Wanadoo",1
"Edmark, The Learning Company",1
"Webzen, The9, NHN, ijji",1
Turner Broadcasting System,1
Crescent Moon Games,1
"Bethesda Softworks, 2K Games",1
3D RealmsNightdive Studios,1
"2K Games, Valve",1
AgetecNordcurrent,1
Zuxxez/TopWare Interactive,1
Hyperware,1
Pentavision,1
"1C Company, Atari",1
Crimson Cow,1
Encore Software,1
"Gremlin Interactive, Interplay Entertainment",1
"SCi, Xicat Interactive, Inc.",1
"Sony Computer Entertainment, Eidos Interactive",1
Rockstar Studios,1
Buena Vista Interactive,1
Black Dragon Productions,1
2nd Studio,1
Totem Games,1
"Inti Creates, PQube",1
Sumo Digital,1
Pin-Ball Games Ltd.,1
Frogwares,1
"Buka Entertainment, Interactive Magic",1
Ska Studios,1
"Acclaim Entertainment, Throwback Entertainment",1
Infogrames Europe,1
Lobstersoft,1
The Fighter Collection,1
"Deep Silver, Enlight",1
"SCi, Global Star Software",1
Groover,1
"Pocketwatch Games, MumboJumbo",1
"Sega Corporation, Sega PC",1
Mobigame,1
D3 Publisher of America,1
Abstraction Games,1
Ruud van Gaal,1
Atomic Games,1
Adult Swim Games,1
RedBedlam,1
Chessbase,1
FX Interactive,1
"Zoo Digital Publishing, Strategy First",1
Socko! Entertainment,1
"SCi, Gotham Games",1
Egmont Interactive,1
Studio Pixel,1
tAAt,1
Sanctuary Woods,1
Big Blue Bubble,1
"Zoo Digital, zushi games ltd.",1
"CyberFront Corporation, TTIME Technology",1
PC Gamer,1
"Riot Games, GOA, Tencent Inc.",1
BROCCOLI,1
Encore Games,1
"Big Fish Games, Her Interactive",1
Lyra Studios,1
"SCi, Encore Software Inc.",1
Blast! Entertainment Ltd,1
Infinite Monkeys Entertainment,1
"Epic Interactive Strategy, Martech Software",1
"Roxor Games, RedOctane",1
"Level Up! Games, GOGAME, Aeria Games, Burda:ic, gloot.net, GameMaxx",1
"Nobilis, Strategy First",1
"Time Warner Electronic Publishing, Attica",1
Lost Sock Games,1
XS Games,1
"Kemco, THQ",1
Atari Europe,1
Zoo Games,1
Mode 7 Games,1
Interactive Kingdom,1
Socialpoint,1
"Shrapnel Games, Strategy First",1
Noisestorm,1
Valve Corporation,1
"Blizzard Entertainment, Sierra Entertainment, Capcom, Sonokong",1
Shoeisha,1
"DSI Games, Zoo Digital Publishing",1
"Sony Online Entertainment, Akella, Gamearena",1
Trimark Interactive,1
NDOORS Interactive,1
"Deep Silver, Strategy First",1
"Psygnosis, JoWooD Productions Software",1
Kokopeli,1
Home Entertainment Suppliers,1
"Titus Interactive, ANOZOR",1
"CDV Software, FX Interactive",1
Ankama Games,1
"Alt1, Aeria Games and Entertainment",1
Walt Disney Internet Group,1
"Gravity Interactive, Inc. et al.",1
YNK Interactive,1
"DreamCatcher Interactive, JoWood",1
Laminar Research,1
3000AD,1
Terrible Posture Games,1
Apogee Software,1
"Sega, Empire Interactive Europe Ltd.",1
GameMill Publishing,1
"Sci Entertainment, Eidos",1
HMH Interactive,1
"Sourcenext, Bitway, Zoo Digital Publishing",1
"RTL Enterprises, Playlogic Entertainment",1
"Codemasters Online Gaming, Webzen",1
"BlackStar Interactive, Snowball.ru, TopWare Interactive",1
AliceSoft,1
"Electronic Arts, MGM Interactive",1
XXv Productions,1
"The Adventure Company, Lighthouse Interactive",1
Gala-Net Inc,1
God Games,1
"Three Rings Design, Ubisoft",1
ReadySoft Incorporated,1
Soedesco,1
"Nunchuck Games, Electronic Arts, Valve",1
Infogrames North America,1
"Beijing Perfect World, Perfect World Entertainment, Games-Masters Ltd.",1
"GMX media, TRI SYNERGY",1
"777 Studios, Aerosoft, ND Games, Direct2Drive",1
Nitro+chiral,1
"BMG Interactive, ASC Games",1
"Sourcenext, Capcom",1
Emote Games,1
2D Boy,1
game & game,1
